{
  "project_info": {
    "project_number": "369625435104",
    "firebase_url": "https://malangcamp-2c7ae-default-rtdb.asia-southeast1.firebasedatabase.app",
    "project_id": "malangcamp-2c7ae",
    "storage_bucket": "malangcamp-2c7ae.appspot.com"
  },
  "client": [
    {
      "client_info": {
        "mobilesdk_app_id": "1:369625435104:android:b805c6ec78da7b09fd3985",
        "android_client_info": {
          "package_name": "com.firmansyah.malangcamp"
        }
      },
      "oauth_client": [
        {
          "client_id": "369625435104-dop9n5obh4air85023g9b4nta7cpt7lb.apps.googleusercontent.com",
          "client_type": 3
        }
      ],
      "api_key": [
        {
          "current_key": "AIzaSyDyM-2dH4JPYgK92w7gHnxtmFptYt1HAnw"
        }
      ],
      "services": {
        "appinvite_service": {
          "other_platform_oauth_client": [
            {
              "client_id": "369625435104-dop9n5obh4air85023g9b4nta7cpt7lb.apps.googleusercontent.com",
              "client_type": 3
            }
          ]
        }
      }
    }
  ],
  "configuration_version": "1"
}